{
  "User Speed (m/s)": {
    "min": 0.0003490426609842,
    "max": 29.99153019858392,
    "mean": 14.904959729712683,
    "std": 8.689009533155275,
    "reasonable_min": 0.0003490426609842,
    "reasonable_max": 29.99153019858392
  },
  "User Direction (degrees)": {
    "min": 0.0190176956268484,
    "max": 359.82186829506594,
    "mean": 176.93536477614353,
    "std": 102.82194335152674,
    "reasonable_min": 0.0190176956268484,
    "reasonable_max": 359.82186829506594
  },
  "Handover Events": {
    "min": 0,
    "max": 4,
    "mean": 1.9842,
    "std": 1.4132055016727014,
    "reasonable_min": 0,
    "reasonable_max": 4
  },
  "Distance from Base Station (m)": {
    "min": 10.249929945656485,
    "max": 999.9255785648448,
    "mean": 512.3960165203538,
    "std": 284.5583745634805,
    "reasonable_min": 10.249929945656485,
    "reasonable_max": 999.9255785648448
  },
  "Signal Strength (dBm)": {
    "min": -99.9971125663413,
    "max": -40.0059413794461,
    "mean": -69.35660760072277,
    "std": 17.363416319436762,
    "reasonable_min": -99.9971125663413,
    "reasonable_max": -40.0059413794461
  },
  "SNR (dB)": {
    "min": 5.0027557950455614,
    "max": 29.99239023386901,
    "mean": 17.327785764142877,
    "std": 7.117176506708119,
    "reasonable_min": 5.0027557950455614,
    "reasonable_max": 29.99239023386901
  },
  "BER": {
    "min": 0.0001002762801193,
    "max": 0.0499894896534485,
    "mean": 0.02497817001028811,
    "std": 0.014431747234913698,
    "reasonable_min": 0.0001002762801193,
    "reasonable_max": 0.0499894896534485
  },
  "PDR (%)": {
    "min": 50.02973790213287,
    "max": 99.99452823156965,
    "mean": 75.00371059387425,
    "std": 14.526770152531737,
    "reasonable_min": 50.02973790213287,
    "reasonable_max": 99.99452823156965
  },
  "Throughput (Mbps)": {
    "min": 1.0103663690162124,
    "max": 99.99573848250824,
    "mean": 50.07941555239666,
    "std": 28.66055465818555,
    "reasonable_min": 1.0103663690162124,
    "reasonable_max": 99.99573848250824
  },
  "Latency (ms)": {
    "min": 1.038353884074009,
    "max": 99.98428874929424,
    "mean": 50.77895954330979,
    "std": 28.5100354166227,
    "reasonable_min": 1.038353884074009,
    "reasonable_max": 99.98428874929424
  },
  "Retransmission Count": {
    "min": 0,
    "max": 9,
    "mean": 4.5902,
    "std": 2.8811671566983,
    "reasonable_min": 0,
    "reasonable_max": 9
  },
  "Power Consumption (mW)": {
    "min": 100.24311012105508,
    "max": 999.7208896474356,
    "mean": 548.9081841459255,
    "std": 259.08088218686026,
    "reasonable_min": 100.24311012105508,
    "reasonable_max": 999.7208896474356
  },
  "Battery Level (%)": {
    "min": 5.070177024782333,
    "max": 99.96379503325016,
    "mean": 52.5531660088251,
    "std": 27.30802518213801,
    "reasonable_min": 5.070177024782333,
    "reasonable_max": 99.96379503325016
  },
  "Transmission Power (dBm)": {
    "min": 0.0051376610392572,
    "max": 29.996252974238804,
    "mean": 15.073180429668687,
    "std": 8.570889774707735,
    "reasonable_min": 0.0051376610392572,
    "reasonable_max": 29.996252974238804
  },
  "Modulation Scheme": {
    "type": "categorical",
    "values": [
      "16-QAM",
      "BPSK",
      "64-QAM",
      "QPSK"
    ]
  },
  "Network Congestion": {
    "type": "categorical",
    "values": [
      "High",
      "Low",
      "Medium"
    ]
  }
}